,Date,Open,High,Low,Close
1364,2025-10-20,4.15,4.3,4.11,4.29
1363,2025-10-17,4.2,4.2,4.02,4.08
1362,2025-10-16,4.19,4.34,4.09,4.13
1361,2025-10-15,4.14,4.365,4.1,4.26
1360,2025-10-14,4.5,4.625,4.08,4.11
1359,2025-10-13,4.45,4.64,4.275,4.61
1358,2025-10-10,4.58,4.58,4.3,4.42
1357,2025-10-09,4.54,4.74,4.45,4.59
1356,2025-10-08,4.35,4.62,4.3,4.54
1355,2025-10-07,4.43,4.4769,4.15,4.31
1354,2025-10-06,4.23,4.67,4.1852,4.43
1353,2025-10-03,4.0,4.3053,3.99,4.08
1352,2025-10-02,4.03,4.11,3.95,3.98
1351,2025-10-01,3.94,4.065,3.94,4.0
1350,2025-09-30,3.96,4.07,3.88,4.0
1349,2025-09-29,3.66,4.06,3.62,4.02
1348,2025-09-26,3.47,3.665,3.44,3.65
1347,2025-09-25,3.5,3.52,3.365,3.45
1346,2025-09-24,3.41,3.6599,3.3992,3.56
1345,2025-09-23,3.48,3.56,3.38,3.38
1344,2025-09-22,3.44,3.53,3.33,3.48
1343,2025-09-19,3.4,3.45,3.27,3.42
1342,2025-09-18,3.3,3.42,3.235,3.39
1341,2025-09-17,3.29,3.372,3.25,3.25
1340,2025-09-16,3.19,3.34,3.16,3.31
1339,2025-09-15,3.32,3.3438,3.15,3.2
1338,2025-09-12,3.31,3.365,3.27,3.31
1337,2025-09-11,3.27,3.38,3.235,3.33
1336,2025-09-10,3.3,3.34,3.2,3.23
1335,2025-09-09,3.51,3.51,3.27,3.32
1334,2025-09-08,3.54,3.54,3.375,3.52
1333,2025-09-05,3.42,3.585,3.388,3.54
1332,2025-09-04,3.28,3.43,3.16,3.4
1331,2025-09-03,3.09,3.32,3.09,3.29
1330,2025-09-02,3.08,3.205,3.04,3.1
1329,2025-08-29,3.23,3.249,3.07,3.07
1328,2025-08-28,3.25,3.345,3.22,3.25
1327,2025-08-27,3.14,3.23,3.115,3.22
1326,2025-08-26,3.1,3.19,3.035,3.17
1325,2025-08-25,3.18,3.22,3.08,3.09
1324,2025-08-22,3.12,3.235,3.08,3.18
1323,2025-08-21,3.08,3.16,3.045,3.1
1322,2025-08-20,3.09,3.135,3.01,3.11
1321,2025-08-19,3.24,3.24,3.02,3.11
1320,2025-08-18,3.13,3.24,3.12,3.24
1319,2025-08-15,3.21,3.24,3.095,3.13
1318,2025-08-14,3.07,3.22,2.98,3.19
1317,2025-08-13,2.98,3.23,2.95,3.09
1316,2025-08-12,2.69,2.98,2.66,2.94
1315,2025-08-11,2.69,2.71,2.605,2.68
1314,2025-08-08,2.65,2.72,2.57,2.68
1313,2025-08-07,2.62,2.66,2.56,2.64
1312,2025-08-06,2.74,2.75,2.57,2.64
1311,2025-08-05,2.74,2.79,2.62,2.76
1310,2025-08-04,2.7,2.785,2.64,2.73
1309,2025-08-01,2.72,2.74,2.59,2.69
1308,2025-07-31,2.91,2.94,2.74,2.77
1307,2025-07-30,2.96,3.07,2.89,2.94
1306,2025-07-29,3.14,3.14,2.84,2.89
1305,2025-07-28,3.28,3.3,3.09,3.12
1304,2025-07-25,3.23,3.3,3.12,3.28
1303,2025-07-24,3.21,3.24,3.11,3.23
1302,2025-07-23,3.1,3.22,3.03,3.2
1301,2025-07-22,3.13,3.17,2.98,3.05
1300,2025-07-21,3.07,3.19,3.0443,3.14
1299,2025-07-18,3.15,3.18,3.03,3.03
1298,2025-07-17,3.05,3.17,3.05,3.11
1297,2025-07-16,3.28,3.33,3.04,3.04
1296,2025-07-15,3.31,3.38,3.125,3.25
1295,2025-07-14,3.1,3.385,3.02,3.35
1294,2025-07-11,3.23,3.3,3.13,3.15
1293,2025-07-10,3.15,3.3,3.07,3.3
1292,2025-07-09,2.92,3.24,2.9,3.15
1291,2025-07-08,2.72,2.98,2.702,2.87
1290,2025-07-07,2.83,2.83,2.66,2.7
1289,2025-07-03,2.83,2.85,2.735,2.85
1288,2025-07-02,2.65,2.88,2.65,2.8
1287,2025-07-01,2.66,2.7444,2.55,2.67
1286,2025-06-30,2.74,2.76,2.665,2.68
1285,2025-06-27,2.72,2.845,2.64,2.71
1284,2025-06-26,2.76,2.85,2.64,2.7
1283,2025-06-25,2.88,2.95,2.7,2.76
1282,2025-06-24,2.73,2.975,2.73,2.85
1281,2025-06-23,2.7,2.77,2.59,2.68
1280,2025-06-20,3.07,3.1403,2.7325,2.77
1279,2025-06-18,3.25,3.26,3.02,3.03
1278,2025-06-17,3.35,3.435,3.24,3.26
1277,2025-06-16,3.72,3.7543,3.21,3.38
1276,2025-06-13,3.57,3.97,3.57,3.58
1275,2025-06-12,3.45,3.88,3.29,3.67
1274,2025-06-11,3.76,3.82,3.53,3.53
1273,2025-06-10,3.6,3.87,3.56,3.67
1272,2025-06-09,3.81,3.81,3.555,3.57
1271,2025-06-06,3.52,3.745,3.441,3.67
1270,2025-06-05,3.35,3.56,3.21,3.44
1269,2025-06-04,3.53,3.5355,3.26,3.34
1268,2025-06-03,3.6,3.85,3.4,3.59
1267,2025-06-02,3.12,3.57,2.88,3.51
1266,2025-05-30,2.75,3.11,2.57,3.09
1265,2025-05-29,2.66,2.795,2.4705,2.77
1264,2025-05-28,2.49,2.69,2.35,2.65
1263,2025-05-27,2.45,2.51,2.25,2.5
1262,2025-05-23,2.15,2.45,2.045,2.43
1261,2025-05-22,1.95,2.23,1.83,2.23
1260,2025-05-21,2.11,2.19,1.9,1.97
1259,2025-05-20,2.35,2.35,2.1,2.15
1258,2025-05-19,1.92,2.34,1.9,2.34
1257,2025-05-16,1.69,1.9,1.69,1.89
1256,2025-05-15,1.82,1.82,1.69,1.69
1255,2025-05-14,1.45,1.82,1.35,1.81
1254,2025-05-13,1.37,1.37,1.2543,1.32
1253,2025-05-12,1.33,1.35,1.27,1.34
1252,2025-05-09,1.27,1.31,1.245,1.27
1251,2025-05-08,1.28,1.29,1.225,1.28
1250,2025-05-07,1.29,1.33,1.25,1.27
1249,2025-05-06,1.38,1.39,1.27,1.29
1248,2025-05-05,1.44,1.4465,1.38,1.42
1247,2025-05-02,1.45,1.485,1.435,1.44
1246,2025-05-01,1.43,1.48,1.3679,1.43
1245,2025-04-30,1.4,1.48,1.3505,1.43
1244,2025-04-29,1.43,1.46,1.39,1.42
1243,2025-04-28,1.46,1.5,1.365,1.46
1242,2025-04-25,1.35,1.355,1.29,1.33
1241,2025-04-24,1.34,1.36,1.32,1.36
1240,2025-04-23,1.28,1.34,1.27,1.29
1239,2025-04-22,1.25,1.26,1.2,1.23
1238,2025-04-21,1.21,1.26,1.2,1.23
1237,2025-04-17,1.16,1.24,1.14,1.21
1236,2025-04-16,1.21,1.21,1.13,1.16
1235,2025-04-15,1.18,1.25,1.155,1.21
1234,2025-04-14,1.22,1.22,1.17,1.21
1233,2025-04-11,1.16,1.23,1.1,1.22
1232,2025-04-10,1.14,1.155,1.085,1.12
1231,2025-04-09,1.09,1.225,1.05,1.21
1230,2025-04-08,1.22,1.22,1.1,1.1
1229,2025-04-07,1.13,1.22,1.05,1.17
1228,2025-04-04,1.19,1.23,1.135,1.18
1227,2025-04-03,1.22,1.2702,1.2154,1.23
1226,2025-04-02,1.34,1.37,1.3,1.33
1225,2025-04-01,1.4,1.41,1.32,1.35
1224,2025-03-31,1.43,1.455,1.28,1.41
1223,2025-03-28,1.48,1.495,1.44,1.49
1222,2025-03-27,1.57,1.58,1.4101,1.52
1221,2025-03-26,1.65,1.665,1.53,1.58
1220,2025-03-25,1.63,1.6696,1.58,1.62
1219,2025-03-24,1.65,1.68,1.58,1.65
1218,2025-03-21,1.66,1.67,1.57,1.61
1217,2025-03-20,1.78,1.8393,1.7,1.7
1216,2025-03-19,1.78,1.83,1.73,1.82
1215,2025-03-18,1.78,1.79,1.675,1.77
1214,2025-03-17,1.85,1.85,1.72,1.79
1213,2025-03-14,1.83,1.875,1.775,1.85
1212,2025-03-13,1.8,1.86,1.75,1.77
1211,2025-03-12,1.76,1.91,1.7,1.85
1210,2025-03-11,1.73,1.7599,1.635,1.72
1209,2025-03-10,1.81,1.83,1.69,1.73
1208,2025-03-07,1.75,1.885,1.75,1.84
1207,2025-03-06,1.7,1.785,1.675,1.75
1206,2025-03-05,1.79,1.79,1.665,1.69
1205,2025-03-04,1.58,1.79,1.5,1.79
1204,2025-03-03,1.75,1.7616,1.5808,1.59
1203,2025-02-28,1.71,1.77,1.545,1.76
1202,2025-02-27,1.58,1.66,1.58,1.58
1201,2025-02-26,1.56,1.645,1.555,1.62
1200,2025-02-25,1.61,1.61,1.52,1.56
1199,2025-02-24,1.72,1.72,1.56,1.6
1198,2025-02-21,1.68,1.72,1.62,1.63
1197,2025-02-20,1.67,1.73,1.63,1.67
1196,2025-02-19,1.67,1.7,1.62,1.67
1195,2025-02-18,1.62,1.77,1.62,1.68
1194,2025-02-14,1.62,1.725,1.6,1.6
1193,2025-02-13,1.49,1.61,1.445,1.61
1192,2025-02-12,1.41,1.52,1.39,1.48
1191,2025-02-11,1.45,1.49,1.39,1.39
1190,2025-02-10,1.51,1.51,1.42,1.47
1189,2025-02-07,1.61,1.63,1.49,1.51
1188,2025-02-06,1.74,1.74,1.62,1.62
1187,2025-02-05,1.65,1.74,1.63,1.74
1186,2025-02-04,1.58,1.66,1.55,1.65
1185,2025-02-03,1.62,1.67,1.56,1.58
1184,2025-01-31,1.71,1.75,1.64,1.68
1183,2025-01-30,1.66,1.73,1.585,1.72
1182,2025-01-29,1.7,1.725,1.63,1.65
1181,2025-01-28,1.67,1.725,1.61,1.72
1180,2025-01-27,1.75,1.82,1.65,1.68
1179,2025-01-24,1.79,1.825,1.72,1.77
1178,2025-01-23,1.69,1.765,1.66,1.76
1177,2025-01-22,1.74,1.755,1.68,1.7
1176,2025-01-21,1.85,1.87,1.75,1.76
1175,2025-01-17,1.8,1.84,1.73,1.83
1174,2025-01-16,1.78,1.82,1.7,1.75
1173,2025-01-15,1.79,1.818,1.7,1.78
1172,2025-01-14,1.75,1.8,1.695,1.71
1171,2025-01-13,1.86,1.86,1.675,1.72
1170,2025-01-10,1.92,1.92,1.775,1.88
1169,2025-01-08,1.99,2.0,1.91,1.92
1168,2025-01-07,1.95,2.08,1.94,2.0
1167,2025-01-06,2.05,2.1399,1.94,1.94
1166,2025-01-03,2.0,2.12,1.98,2.02
1165,2025-01-02,2.02,2.195,1.98,2.0
1164,2024-12-31,1.95,2.0,1.9,1.99
1163,2024-12-30,2.0,2.03,1.89,1.9
1162,2024-12-27,2.13,2.13,1.955,2.03
1161,2024-12-26,2.0,2.13,1.925,2.12
1160,2024-12-24,1.98,2.0519,1.945,2.03
1159,2024-12-23,1.98,2.06,1.93,1.99
1158,2024-12-20,2.07,2.18,1.94,1.96
1157,2024-12-19,1.95,2.17,1.93,2.12
1156,2024-12-18,2.14,2.21,1.9,1.91
1155,2024-12-17,2.05,2.165,1.96,2.13
1154,2024-12-16,2.03,2.135,1.82,2.0
1153,2024-12-13,2.0,2.01,1.8,1.89
1152,2024-12-12,2.31,2.3499,1.96,1.98
1151,2024-12-11,3.37,3.47,2.0601,2.22
1150,2024-12-10,3.25,3.49,3.06,3.48
1149,2024-12-09,3.3,3.39,2.97,3.21
1148,2024-12-06,2.07,3.16,2.03,3.13
1147,2024-12-05,2.03,2.03,1.8,1.92
1146,2024-12-04,2.06,2.185,2.055,2.07
1145,2024-12-03,2.27,2.285,2.06,2.07
1144,2024-12-02,2.46,2.46,2.3,2.32
1143,2024-11-29,2.28,2.46,2.26,2.42
1142,2024-11-27,2.24,2.32,2.21,2.26
1141,2024-11-26,2.02,2.38,1.91,2.22
1140,2024-11-25,2.03,2.15,2.0,2.03
1139,2024-11-22,1.92,2.0,1.86,1.99
1138,2024-11-21,1.99,2.035,1.94,1.94
1137,2024-11-20,2.1,2.105,1.95,1.98
1136,2024-11-19,2.13,2.18,1.885,2.06
1135,2024-11-18,2.37,2.4,2.13,2.14
1134,2024-11-15,2.7,2.7,2.315,2.39
1133,2024-11-14,2.82,2.87,2.61,2.65
1132,2024-11-13,2.95,3.06,2.7746,2.82
1131,2024-11-12,2.95,2.955,2.78,2.93
1130,2024-11-11,2.93,2.98,2.76,2.98
1129,2024-11-08,3.06,3.0699,2.915,2.93
1128,2024-11-07,3.21,3.21,2.8119,2.93
1127,2024-11-06,3.17,3.3,3.04,3.2
1126,2024-11-05,2.97,3.085,2.95,3.05
1125,2024-11-04,2.96,3.11,2.86,3.02
1124,2024-11-01,2.89,2.95,2.825,2.95
1123,2024-10-31,2.94,2.95,2.81,2.82
1122,2024-10-30,3.03,3.09,2.93,2.95
1121,2024-10-29,3.04,3.07,2.93,3.01
1120,2024-10-28,3.0,3.1,2.9901,3.06
1119,2024-10-25,2.91,3.08,2.89,2.95
1118,2024-10-24,2.99,3.01,2.83,2.89
1117,2024-10-23,3.16,3.22,2.92,2.98
1116,2024-10-22,3.12,3.22,3.08,3.19
1115,2024-10-21,3.13,3.15,3.08,3.12
1114,2024-10-18,3.16,3.2,3.09,3.12
1113,2024-10-17,3.23,3.28,3.08,3.14
1112,2024-10-16,3.06,3.26,2.99,3.22
1111,2024-10-15,3.07,3.1062,2.93,3.01
1110,2024-10-14,3.08,3.11,2.975,3.06
1109,2024-10-11,2.73,3.08,2.7,3.08
1108,2024-10-10,2.83,2.8628,2.71,2.74
1107,2024-10-09,3.07,3.07,2.87,2.87
1106,2024-10-08,3.34,3.36,3.03,3.07
1105,2024-10-07,3.3,3.45,3.26,3.33
1104,2024-10-04,3.1,3.36,3.09,3.29
1103,2024-10-03,3.01,3.09,2.96,3.05
1102,2024-10-02,3.04,3.09,2.96,3.04
1101,2024-10-01,3.16,3.16,2.99,3.12
1100,2024-09-30,3.08,3.23,3.02,3.15
1099,2024-09-27,3.07,3.14,3.01,3.08
1098,2024-09-26,3.14,3.17,2.96,3.0
1097,2024-09-25,3.02,3.09,2.9945,3.06
1096,2024-09-24,3.08,3.0883,2.9,3.05
1095,2024-09-23,3.33,3.33,3.06,3.08
1094,2024-09-20,3.22,3.39,3.19,3.33
1093,2024-09-19,3.23,3.35,3.16,3.21
1092,2024-09-18,3.11,3.254,3.06,3.1
1091,2024-09-17,3.14,3.24,3.08,3.12
1090,2024-09-16,3.12,3.2899,3.07,3.08
1089,2024-09-13,2.93,3.125,2.93,3.1
1088,2024-09-12,2.96,2.99,2.87,2.94
1087,2024-09-11,2.9,3.01,2.845,2.94
1086,2024-09-10,2.76,2.935,2.68,2.93
1085,2024-09-09,2.7,2.84,2.69,2.75
1084,2024-09-06,2.82,2.88,2.67,2.7
1083,2024-09-05,2.79,2.895,2.71,2.83
1082,2024-09-04,2.7,2.82,2.61,2.78
1081,2024-09-03,3.0,3.04,2.65,2.73
1080,2024-08-30,2.89,2.98,2.82,2.9
1079,2024-08-29,2.98,3.04,2.84,2.87
1078,2024-08-28,3.01,3.11,2.84,2.93
1077,2024-08-27,3.24,3.24,3.04,3.06
1076,2024-08-26,3.13,3.27,3.05,3.26
1075,2024-08-23,2.84,3.13,2.82,3.07
1074,2024-08-22,2.98,3.03,2.82,2.82
1073,2024-08-21,2.89,2.99,2.8,2.94
1072,2024-08-20,2.93,2.98,2.73,2.85
1071,2024-08-19,2.79,2.94,2.76,2.93
1070,2024-08-16,2.91,2.96,2.74,2.79
1069,2024-08-15,2.93,3.1,2.86,2.93
1068,2024-08-14,2.87,2.91,2.735,2.85
1067,2024-08-13,2.61,2.85,2.58,2.84
1066,2024-08-12,2.67,2.67,2.53,2.59
1065,2024-08-09,2.81,2.82,2.58,2.66
1064,2024-08-08,2.77,2.86,2.71,2.81
1063,2024-08-07,2.95,2.95,2.6638,2.74
1062,2024-08-06,2.88,3.155,2.73,2.92
1061,2024-08-05,2.605,2.88,2.58,2.87
1060,2024-08-02,2.96,3.0,2.84,2.88
1059,2024-08-01,3.31,3.35,3.06,3.06
1058,2024-07-31,3.5,3.545,3.32,3.32
1057,2024-07-30,3.47,3.57,3.33,3.47
1056,2024-07-29,3.68,3.75,3.43,3.44
1055,2024-07-26,3.89,3.92,3.47,3.63
1054,2024-07-25,3.94,3.98,3.7101,3.82
1053,2024-07-24,3.88,3.9823,3.71,3.73
1052,2024-07-23,3.64,3.92,3.56,3.86
1051,2024-07-22,3.44,3.67,3.34,3.64
1050,2024-07-19,3.69,3.81,3.42,3.44
1049,2024-07-18,3.74,3.91,3.6,3.67
1048,2024-07-17,3.99,4.1,3.725,3.78
1047,2024-07-16,4.07,4.13,3.92,4.01
1046,2024-07-15,3.89,4.01,3.74,4.01
1045,2024-07-12,3.81,3.91,3.765,3.82
1044,2024-07-11,3.23,3.88,3.2,3.79
1043,2024-07-10,3.19,3.27,3.06,3.15
1042,2024-07-09,3.04,3.185,3.01,3.18
1041,2024-07-08,3.26,3.4,3.04,3.06
1040,2024-07-05,3.17,3.3753,3.11,3.26
1039,2024-07-03,3.52,3.57,3.0,3.06
1038,2024-07-02,3.67,3.72,3.42,3.48
1037,2024-07-01,3.195,3.69,3.1,3.68
1036,2024-06-28,2.94,3.19,2.8498,3.16
1035,2024-06-27,2.69,2.9,2.64,2.81
1034,2024-06-26,2.58,2.76,2.4505,2.69
1033,2024-06-25,2.68,2.69,2.53,2.55
1032,2024-06-24,2.67,2.77,2.62,2.69
1031,2024-06-21,2.75,2.75,2.63,2.65
1030,2024-06-20,2.66,2.9,2.61,2.69
1029,2024-06-18,2.82,2.95,2.7,2.72
1028,2024-06-17,3.28,3.3,2.8,2.82
1027,2024-06-14,3.12,3.32,3.12,3.3
1026,2024-06-13,3.14,3.34,3.08,3.16
1025,2024-06-12,3.2,3.4,2.975,3.16
1024,2024-06-11,3.63,3.67,3.09,3.14
1023,2024-06-10,3.39,3.66,3.3511,3.64
1022,2024-06-07,3.42,3.73,3.34,3.42
1021,2024-06-06,3.53,3.54,3.4,3.48
1020,2024-06-05,3.47,3.56,3.41,3.54
1019,2024-06-04,3.32,3.92,3.31,3.5
1018,2024-06-03,3.37,3.5,2.995,3.31
1017,2024-05-31,3.41,3.57,3.302,3.43
1016,2024-05-30,3.4,3.48,3.27,3.44
1015,2024-05-29,3.49,3.53,3.27,3.33
1014,2024-05-28,3.86,3.88,3.37,3.57
1013,2024-05-24,3.61,3.735,3.53,3.68
1012,2024-05-23,3.71,3.87,3.58,3.64
1011,2024-05-22,3.73,3.805,3.66,3.67
1010,2024-05-21,4.1,4.17,3.67,3.73
1009,2024-05-20,4.1,4.23,3.95,4.11
1008,2024-05-17,4.12,4.175,4.0,4.1
1007,2024-05-16,4.16,4.3,4.0,4.09
1006,2024-05-15,4.12,4.32,4.0628,4.13
1005,2024-05-14,4.23,4.28,3.8,4.04
1004,2024-05-13,4.27,4.43,4.18,4.19
1003,2024-05-10,4.56,4.58,4.03,4.3
1002,2024-05-09,4.47,4.68,4.4,4.57
1001,2024-05-08,4.71,4.83,4.375,4.41
1000,2024-05-07,4.4,4.91,4.32,4.83
999,2024-05-06,4.82,5.17,4.42,4.45
998,2024-05-03,4.96,5.105,4.81,4.9
997,2024-05-02,4.74,4.75,4.4,4.73
996,2024-05-01,4.44,4.85,4.35,4.71
995,2024-04-30,4.47,4.58,4.35,4.41
994,2024-04-29,4.37,4.73,4.3,4.5
993,2024-04-26,4.44,4.51,4.21,4.34
992,2024-04-25,4.65,4.65,4.41,4.44
991,2024-04-24,4.99,5.0,4.71,4.78
990,2024-04-23,4.72,5.08,4.72,4.97
989,2024-04-22,4.79,4.79,4.56,4.68
988,2024-04-19,4.76,4.92,4.6,4.72
987,2024-04-18,4.95,4.95,4.72,4.76
986,2024-04-17,4.52,5.02,4.49,4.96
985,2024-04-16,4.33,4.6,4.3047,4.44
984,2024-04-15,4.39,4.47,4.11,4.37
983,2024-04-12,4.71,4.7488,4.31,4.39
982,2024-04-11,4.77,4.86,4.52,4.68
981,2024-04-10,4.6,4.79,4.5,4.71
980,2024-04-09,5.14,5.31,4.75,4.78
979,2024-04-08,5.02,5.38,4.93,5.09
978,2024-04-05,4.64,5.1899,4.45,5.0
977,2024-04-04,4.44,4.96,4.36,4.71
976,2024-04-03,4.34,4.4449,4.25,4.43
975,2024-04-02,4.44,4.44,4.22,4.31
974,2024-04-01,4.6,4.6,4.15,4.44
973,2024-03-28,4.36,5.01,4.3421,4.49
972,2024-03-27,4.43,4.43,4.07,4.2
971,2024-03-26,4.2,4.54,4.15,4.35
970,2024-03-25,4.55,4.6,4.13,4.2
969,2024-03-22,4.72,4.75,4.44,4.54
968,2024-03-21,4.82,4.84,4.55,4.61
967,2024-03-20,4.65,4.79,4.41,4.73
966,2024-03-19,4.41,5.01,4.29,4.67
965,2024-03-18,3.79,4.53,3.7,4.41
964,2024-03-15,3.74,3.86,3.6801,3.78
963,2024-03-14,3.84,3.88,3.6646,3.74
962,2024-03-13,4.28,4.3899,3.23,3.9
961,2024-03-12,4.45,4.59,4.3,4.45
960,2024-03-11,4.5,4.72,4.44,4.45
959,2024-03-08,5.0,5.0,4.35,4.5
958,2024-03-07,5.0,5.38,4.85,4.97
957,2024-03-06,4.81,5.08,4.78,5.0
956,2024-03-05,4.52,4.86,4.459,4.82
955,2024-03-04,5.27,5.27,4.54,4.63
954,2024-03-01,4.88,5.07,4.86,4.86
953,2024-02-29,4.55,5.05,4.42,4.83
952,2024-02-28,5.05,5.14,4.8101,4.86
951,2024-02-27,5.32,5.32,4.89,5.01
950,2024-02-26,4.76,5.34,4.76,5.14
949,2024-02-23,5.0,5.0,4.58,4.68
948,2024-02-22,4.78,5.06,4.71,4.89
947,2024-02-21,4.7,5.135,4.55,4.69
946,2024-02-20,5.43,6.04,4.73,4.82
945,2024-02-16,4.95,5.46,4.85,5.29
944,2024-02-15,5.0,5.02,4.6,4.97
943,2024-02-14,4.3,4.985,4.3,4.86
942,2024-02-13,4.5,4.5,3.99,4.22
941,2024-02-12,4.47,4.8,4.45,4.45
940,2024-02-09,4.0,4.605,3.9828,4.36
939,2024-02-08,4.11,4.25,3.82,3.93
938,2024-02-07,3.89,4.14,3.8343,4.11
937,2024-02-06,3.63,4.0283,3.63,3.93
936,2024-02-05,3.5,3.818,3.45,3.65
935,2024-02-02,3.55,3.82,3.35,3.6
934,2024-02-01,3.17,3.68,2.92,3.6
933,2024-01-31,3.26,3.5,3.1,3.12
932,2024-01-30,3.22,3.33,2.97,3.21
931,2024-01-29,2.68,3.22,2.63,3.22
930,2024-01-26,2.61,2.73,2.56,2.67
929,2024-01-25,2.16,2.64,2.13,2.59
928,2024-01-24,2.02,2.19,1.97,2.1
927,2024-01-23,1.94,2.06,1.92,1.97
926,2024-01-22,1.76,1.9294,1.72,1.9
925,2024-01-19,1.85,1.86,1.71,1.82
924,2024-01-18,1.89,1.9,1.77,1.83
923,2024-01-17,1.89,1.89,1.81,1.86
922,2024-01-16,2.05,2.052,1.82,1.88
921,2024-01-12,2.12,2.25,2.07,2.13
920,2024-01-11,2.2,2.21,2.03,2.07
919,2024-01-10,2.12,2.22,2.08,2.18
918,2024-01-09,2.1,2.22,1.97,2.07
917,2024-01-08,2.03,2.06,1.8134,1.92
916,2024-01-05,1.9,2.08,1.78,2.03
915,2024-01-04,1.54,1.95,1.4501,1.88
914,2024-01-03,1.62,1.74,1.62,1.66
913,2024-01-02,1.66,1.93,1.55,1.69
912,2023-12-29,1.59,1.7,1.52,1.66
911,2023-12-28,1.67,1.72,1.54,1.59
910,2023-12-27,1.65,1.73,1.59,1.72
909,2023-12-26,1.5,1.72,1.48,1.65
908,2023-12-22,1.3,1.4991,1.28,1.48
907,2023-12-21,1.28,1.3,1.18,1.28
906,2023-12-20,1.45,1.48,1.23,1.28
905,2023-12-19,1.41,1.5274,1.33,1.35
904,2023-12-18,1.61,1.68,1.35,1.41
903,2023-12-15,1.71,1.83,1.5701,1.59
902,2023-12-14,1.63,1.8599,1.52,1.79
901,2023-12-13,1.03,1.748,1.01,1.68
900,2023-12-12,1.01,1.04,0.9818,1.03
899,2023-12-11,1.05,1.05,1.0,1.0
898,2023-12-08,1.09,1.13,0.941,1.02
897,2023-12-07,1.06,1.13,1.03,1.07
896,2023-12-06,1.01,1.07,1.0001,1.07
895,2023-12-05,1.09,1.09,0.97,1.03
894,2023-12-04,1.09,1.1737,1.0,1.11
893,2023-12-01,0.8715,1.15,0.855,1.11
892,2023-11-30,0.8249,0.95,0.8094,0.83
891,2023-11-29,0.725,0.7942,0.6883,0.77
890,2023-11-28,0.725,0.7627,0.725,0.73
889,2023-11-27,0.75,0.7532,0.6985,0.7235
888,2023-11-24,0.69,0.743,0.69,0.737
887,2023-11-22,0.7431,0.7596,0.7005,0.71
886,2023-11-21,0.7,0.7776,0.684,0.724
885,2023-11-20,0.7499,0.75,0.7,0.7103
884,2023-11-17,0.64,0.7446,0.64,0.7036
883,2023-11-16,0.5943,0.6744,0.5652,0.6359
882,2023-11-15,0.55,0.5967,0.53,0.585
881,2023-11-14,0.53,0.5696,0.5,0.5511
880,2023-11-13,0.48,0.5453,0.3599,0.5
879,2023-11-10,0.47,0.51,0.455,0.47
878,2023-11-09,0.5912,0.6205,0.4681,0.4681
877,2023-11-08,0.735,0.75,0.585,0.6
876,2023-11-07,0.8035,0.8035,0.7108,0.7252
875,2023-11-06,0.8192,0.863,0.7727,0.863
874,2023-11-03,0.7031,0.8453,0.7031,0.8
873,2023-11-02,0.67,0.713,0.65,0.7001
872,2023-11-01,0.74,0.74,0.66,0.6711
871,2023-10-31,0.7321,0.7383,0.66,0.7
870,2023-10-30,0.78,0.78,0.657,0.7031
869,2023-10-27,0.64,0.7426,0.6307,0.7
868,2023-10-26,0.651,0.7,0.65,0.6549
867,2023-10-25,0.6934,0.6934,0.65,0.651
866,2023-10-24,0.7,0.7476,0.7,0.7102
865,2023-10-23,0.81,0.829,0.69,0.7034
864,2023-10-20,0.801,0.8453,0.76,0.83
863,2023-10-19,0.7073,0.8,0.6577,0.776
862,2023-10-18,0.7605,0.7734,0.71,0.7292
861,2023-10-17,0.7896,0.82,0.75,0.766
860,2023-10-16,0.82,0.837,0.7627,0.79
859,2023-10-13,0.85,0.8505,0.7603,0.8
858,2023-10-12,0.8376,0.8732,0.8275,0.8375
857,2023-10-11,0.83,0.89,0.7504,0.81
856,2023-10-10,0.85,0.882,0.815,0.8485
855,2023-10-09,0.84,0.8542,0.81,0.83
854,2023-10-06,0.829,0.867,0.8163,0.84
853,2023-10-05,0.82,0.8873,0.815,0.86
852,2023-10-04,0.8208,0.8529,0.806,0.82
851,2023-10-03,0.8243,0.8349,0.81,0.8204
850,2023-10-02,0.9,0.9215,0.8051,0.8242
849,2023-09-29,0.82,0.9101,0.8133,0.897
848,2023-09-28,0.8531,0.885,0.7001,0.83
847,2023-09-27,0.9373,0.96,0.8505,0.8797
846,2023-09-26,0.82,0.9372,0.785,0.91
845,2023-09-25,0.7,0.8085,0.681,0.8085
844,2023-09-22,0.726,0.773,0.7014,0.7199
843,2023-09-21,0.79,0.79,0.7,0.729
842,2023-09-20,0.78,0.811,0.75,0.768
841,2023-09-19,0.8,0.8296,0.7245,0.8
840,2023-09-18,0.86,0.885,0.7601,0.7755
839,2023-09-15,0.9,0.9,0.82,0.82
838,2023-09-14,0.924,0.96,0.86,0.873
837,2023-09-13,0.95,0.97,0.9099,0.9247
836,2023-09-12,1.0,1.02,0.95,0.955
835,2023-09-11,1.1,1.1,1.02,1.04
834,2023-09-08,1.08,1.095,1.06,1.07
833,2023-09-07,1.06,1.09,1.055,1.09
832,2023-09-06,1.13,1.14,1.05,1.08
831,2023-09-05,1.22,1.22,1.11,1.13
830,2023-09-01,1.22,1.22,1.18,1.22
829,2023-08-31,1.24,1.26,1.17,1.2
828,2023-08-30,1.2,1.24,1.16,1.2
827,2023-08-29,1.27,1.2936,1.15,1.17
826,2023-08-28,1.29,1.29,1.2,1.25
825,2023-08-25,1.38,1.38,1.29,1.29
824,2023-08-24,1.34,1.39,1.34,1.38
823,2023-08-23,1.33,1.37,1.33,1.35
822,2023-08-22,1.35,1.39,1.32,1.33
821,2023-08-21,1.35,1.42,1.315,1.37
820,2023-08-18,1.38,1.46,1.37,1.37
819,2023-08-17,1.44,1.47,1.39,1.39
818,2023-08-16,1.58,1.6,1.44,1.45
817,2023-08-15,1.61,1.61,1.51,1.6
816,2023-08-14,1.68,1.68,1.56,1.58
815,2023-08-11,1.58,1.69,1.57,1.66
814,2023-08-10,1.56,1.6499,1.54,1.61
813,2023-08-09,1.56,1.59,1.49,1.5
812,2023-08-08,1.48,1.68,1.4495,1.6
811,2023-08-07,1.45,1.5,1.39,1.43
810,2023-08-04,1.51,1.51,1.4309,1.47
809,2023-08-03,1.49,1.51,1.46,1.49
808,2023-08-02,1.49,1.51,1.39,1.49
807,2023-08-01,1.49,1.535,1.44,1.51
806,2023-07-31,1.3,1.5,1.2816,1.48
805,2023-07-28,1.25,1.3,1.25,1.28
804,2023-07-27,1.26,1.31,1.24,1.24
803,2023-07-26,1.3,1.3,1.22,1.26
802,2023-07-25,1.32,1.33,1.2177,1.29
801,2023-07-24,1.43,1.45,1.3,1.31
800,2023-07-21,1.47,1.5,1.41,1.42
799,2023-07-20,1.5,1.505,1.46,1.5
798,2023-07-19,1.5,1.525,1.45,1.5
797,2023-07-18,1.57,1.605,1.5,1.5
796,2023-07-17,1.53,1.58,1.51,1.57
795,2023-07-14,1.56,1.57,1.5,1.51
794,2023-07-13,1.57,1.58,1.5,1.55
793,2023-07-12,1.89,1.91,1.5,1.51
792,2023-07-11,1.95,1.96,1.82,1.85
791,2023-07-10,2.25,2.43,2.21,2.37
790,2023-07-07,2.14,2.32,2.11,2.25
789,2023-07-06,2.11,2.15,2.07,2.11
788,2023-07-05,2.14,2.17,2.07,2.14
787,2023-07-03,2.13,2.2,2.1,2.15
786,2023-06-30,2.21,2.21,2.1,2.15
785,2023-06-29,2.08,2.21,2.035,2.16
784,2023-06-28,2.01,2.05,1.96,2.03
783,2023-06-27,2.02,2.05,1.94,2.01
782,2023-06-26,2.06,2.085,2.0,2.0
781,2023-06-23,2.1,2.17,2.03,2.05
780,2023-06-22,2.17,2.2,2.14,2.14
779,2023-06-21,2.2,2.23,2.13,2.18
778,2023-06-20,2.28,2.33,2.24,2.28
777,2023-06-16,2.35,2.35,2.27,2.29
776,2023-06-15,2.27,2.3599,2.265,2.31
775,2023-06-14,2.43,2.43,2.27,2.29
774,2023-06-13,2.58,2.58,2.43,2.43
773,2023-06-12,2.52,2.57,2.475,2.53
772,2023-06-09,2.5,2.64,2.44,2.52
771,2023-06-08,2.56,2.58,2.44,2.5
770,2023-06-07,2.6,2.6,2.49,2.55
769,2023-06-06,2.63,2.63,2.51,2.55
768,2023-06-05,2.49,2.64,2.49,2.6
767,2023-06-02,2.41,2.51,2.2825,2.49
766,2023-06-01,2.35,2.5,2.31,2.38
765,2023-05-31,2.28,2.37,2.28,2.35
764,2023-05-30,2.3,2.34,2.27,2.28
763,2023-05-26,2.31,2.325,2.2618,2.28
762,2023-05-25,2.38,2.39,2.28,2.31
761,2023-05-24,2.53,2.53,2.39,2.39
760,2023-05-23,2.66,2.73,2.55,2.55
759,2023-05-22,2.58,2.7,2.58,2.66
758,2023-05-19,2.57,2.66,2.49,2.55
757,2023-05-18,2.64,2.74,2.52,2.59
756,2023-05-17,2.5,2.67,2.435,2.65
755,2023-05-16,2.62,2.62,2.43,2.44
754,2023-05-15,2.35,2.695,2.35,2.65
753,2023-05-12,2.41,2.46,2.33,2.34
752,2023-05-11,2.42,2.59,2.38,2.41
751,2023-05-10,2.21,2.4159,2.185,2.4
750,2023-05-09,1.94,2.215,1.94,2.17
749,2023-05-08,2.01,2.17,1.95,2.12
748,2023-05-05,1.95,1.9988,1.93,1.96
747,2023-05-04,1.95,1.97,1.91,1.94
746,2023-05-03,1.9,1.97,1.9,1.91
745,2023-05-02,1.95,1.955,1.9,1.9
744,2023-05-01,1.93,2.005,1.93,1.96
743,2023-04-28,1.93,2.02,1.88,1.94
742,2023-04-27,1.95,1.99,1.92,1.94
741,2023-04-26,1.92,2.0,1.9,1.96
740,2023-04-25,1.95,2.0101,1.88,1.96
739,2023-04-24,2.08,2.08,1.92,1.96
738,2023-04-21,2.23,2.335,2.221,2.3
737,2023-04-20,2.33,2.345,2.22,2.23
736,2023-04-19,2.31,2.37,2.22,2.33
735,2023-04-18,2.41,2.41,2.29,2.31
734,2023-04-17,2.12,2.42,2.12,2.4
733,2023-04-14,2.37,2.5,2.16,2.18
732,2023-04-13,2.04,2.4,2.04,2.36
731,2023-04-12,2.06,2.17,2.01,2.02
730,2023-04-11,2.01,2.075,2.0,2.05
729,2023-04-10,2.03,2.05,1.99,2.01
728,2023-04-06,2.02,2.09,2.0,2.04
727,2023-04-05,2.01,2.07,2.01,2.05
726,2023-04-04,2.06,2.07,2.0,2.06
725,2023-04-03,1.96,2.0801,1.9,2.05
724,2023-03-31,1.98,1.99,1.94,1.95
723,2023-03-30,2.25,2.2622,1.925,1.97
722,2023-03-29,1.95,2.28,1.94,2.16
721,2023-03-28,2.0,2.0591,1.92,1.94
720,2023-03-27,1.9,2.03,1.88,1.98
719,2023-03-24,1.91,1.97,1.85,1.92
718,2023-03-23,2.03,2.06,1.92,1.98
717,2023-03-22,2.08,2.08,1.97,1.99
716,2023-03-21,2.15,2.16,2.06,2.07
715,2023-03-20,2.22,2.22,2.09,2.1
714,2023-03-17,2.29,2.2985,2.155,2.24
713,2023-03-16,2.37,2.4,2.22,2.3
712,2023-03-15,2.44,2.525,2.3863,2.42
711,2023-03-14,2.56,2.61,2.44,2.46
710,2023-03-13,2.7,2.75,2.53,2.54
709,2023-03-10,2.75,2.79,2.51,2.74
708,2023-03-09,2.75,3.12,2.74,2.79
707,2023-03-08,2.81,2.81,2.68,2.71
706,2023-03-07,2.94,2.9426,2.78,2.8
705,2023-03-06,3.15,3.17,2.89,2.91
704,2023-03-03,3.29,3.3101,3.12,3.14
703,2023-03-02,3.33,3.37,3.2,3.27
702,2023-03-01,3.84,3.84,3.38,3.38
701,2023-02-28,3.91,4.0,3.55,3.6
700,2023-02-27,4.19,4.24,4.025,4.07
699,2023-02-24,3.97,4.1,3.93,4.0
698,2023-02-23,4.15,4.2,3.975,4.05
697,2023-02-22,4.22,4.259,4.02,4.15
696,2023-02-21,4.27,4.295,4.19,4.24
695,2023-02-17,4.32,4.43,4.22,4.35
694,2023-02-16,4.34,4.41,4.26,4.32
693,2023-02-15,4.33,4.4354,4.31,4.43
692,2023-02-14,4.3,4.455,4.21,4.44
691,2023-02-13,4.45,4.45,4.27,4.32
690,2023-02-10,4.4,4.43,4.28,4.4
689,2023-02-09,4.46,4.57,4.37,4.41
688,2023-02-08,4.5,4.6,4.4,4.4
687,2023-02-07,4.51,4.61,4.41,4.53
686,2023-02-06,4.6,4.74,4.5,4.56
685,2023-02-03,5.05,5.05,4.6,4.63
684,2023-02-02,5.6,5.75,4.85,4.9
683,2023-02-01,5.19,5.485,5.0407,5.45
682,2023-01-31,4.96,5.24,4.96,5.11
681,2023-01-30,5.02,5.17,4.79,4.92
680,2023-01-27,4.7,5.07,4.64,5.05
679,2023-01-26,4.76,4.86,4.61,4.72
678,2023-01-25,4.61,4.8,4.56,4.74
677,2023-01-24,4.85,5.01,4.65,4.68
676,2023-01-23,4.69,4.84,4.61,4.73
675,2023-01-20,4.77,4.7999,4.69,4.7
674,2023-01-19,4.84,4.85,4.654,4.73
673,2023-01-18,5.06,5.13,4.745,4.85
672,2023-01-17,5.01,5.19,4.87,5.0
671,2023-01-13,5.19,5.19,4.81,5.0
670,2023-01-12,4.19,5.31,4.18,5.2
669,2023-01-11,4.36,4.37,4.12,4.27
668,2023-01-10,3.59,4.425,3.59,4.34
667,2023-01-09,3.7,3.88,3.56,3.63
666,2023-01-06,3.45,3.7785,3.32,3.55
665,2023-01-05,3.5,3.59,3.415,3.48
664,2023-01-04,3.47,3.54,3.225,3.45
663,2023-01-03,3.84,3.98,3.56,3.59
662,2022-12-30,3.71,3.86,3.65,3.84
661,2022-12-29,3.43,3.8291,3.345,3.79
660,2022-12-28,3.28,3.68,3.25,3.6
659,2022-12-27,3.39,3.54,3.25,3.32
658,2022-12-23,3.02,3.55,3.0,3.52
657,2022-12-22,3.03,3.1782,2.69,3.08
656,2022-12-21,3.63,3.7,2.98,3.04
655,2022-12-20,2.99,3.18,2.99,3.18
654,2022-12-19,3.22,3.23,2.935,3.04
653,2022-12-16,3.33,3.35,3.23,3.25
652,2022-12-15,3.38,3.51,3.27,3.32
651,2022-12-14,3.21,3.57,3.1601,3.48
650,2022-12-13,3.24,3.315,3.12,3.21
649,2022-12-12,3.14,3.2,3.03,3.1
648,2022-12-09,3.05,3.22,2.99,3.1
647,2022-12-08,2.87,3.14,2.77,3.07
646,2022-12-07,3.38,3.38,2.75,2.87
645,2022-12-06,3.6,3.6,3.34,3.41
644,2022-12-05,3.63,3.65,3.47,3.51
643,2022-12-02,3.48,3.64,3.335,3.62
642,2022-12-01,3.69,3.73,3.39,3.48
641,2022-11-30,3.42,3.68,3.36,3.66
640,2022-11-29,3.42,3.46,3.305,3.38
639,2022-11-28,3.56,3.65,3.34,3.4
638,2022-11-25,3.63,3.76,3.57,3.59
637,2022-11-23,3.78,3.8085,3.64,3.67
636,2022-11-22,3.78,3.82,3.6,3.74
635,2022-11-21,3.85,3.9,3.665,3.77
634,2022-11-18,4.01,4.18,3.84,3.92
633,2022-11-17,4.24,4.3,3.96,4.01
632,2022-11-16,4.4,4.4699,4.1307,4.31
631,2022-11-15,4.3,4.67,4.15,4.41
630,2022-11-14,4.11,4.29,4.01,4.16
629,2022-11-11,3.98,4.18,3.875,4.1
628,2022-11-10,4.2,4.21,3.98,4.0
627,2022-11-09,4.0,4.0899,3.716,4.01
626,2022-11-08,4.72,4.72,4.13,4.14
625,2022-11-07,4.24,4.3,4.08,4.26
624,2022-11-04,4.43,4.51,4.19,4.23
623,2022-11-03,4.04,4.4,4.0,4.37
622,2022-11-02,4.47,4.48,4.11,4.13
621,2022-11-01,4.53,4.59,4.41,4.42
620,2022-10-31,4.51,4.64,4.42,4.44
619,2022-10-28,4.55,4.64,4.42,4.58
618,2022-10-27,4.8,4.835,4.5,4.52
617,2022-10-26,4.68,5.13,4.61,4.77
616,2022-10-25,4.61,4.76,4.53,4.65
615,2022-10-24,4.84,4.84,4.45,4.55
614,2022-10-21,4.7,4.86,4.37,4.78
613,2022-10-20,4.75,4.845,4.61,4.68
612,2022-10-19,4.92,4.92,4.61,4.69
611,2022-10-18,5.13,5.25,4.86,4.92
610,2022-10-17,4.77,5.04,4.57,5.03
609,2022-10-14,4.5,4.8905,4.5,4.7
608,2022-10-13,4.12,4.51,4.08,4.47
607,2022-10-12,4.16,4.31,4.05,4.3
606,2022-10-11,4.28,4.435,4.01,4.11
605,2022-10-10,4.75,4.79,4.29,4.29
604,2022-10-07,4.93,5.0,4.73,4.76
603,2022-10-06,5.0,5.19,4.97,5.01
602,2022-10-05,5.07,5.14,4.87,5.1
601,2022-10-04,4.93,5.25,4.87,5.24
600,2022-10-03,4.87,4.92,4.69,4.83
599,2022-09-30,4.92,5.16,4.82,4.82
598,2022-09-29,5.03,5.08,4.84,4.89
597,2022-09-28,4.93,5.15,4.93,5.09
596,2022-09-27,4.64,4.94,4.58,4.82
595,2022-09-26,4.87,5.12,4.66,4.66
594,2022-09-23,5.05,5.05,4.725,4.89
593,2022-09-22,5.12,5.13,4.86,5.05
592,2022-09-21,5.13,5.43,4.94,5.07
591,2022-09-20,5.33,5.4,5.205,5.29
590,2022-09-19,5.49,5.51,5.1,5.48
589,2022-09-16,5.37,5.55,5.2,5.25
588,2022-09-15,5.52,5.66,5.36,5.44
587,2022-09-14,5.68,5.7,5.51,5.61
586,2022-09-13,5.93,5.95,5.6,5.7
585,2022-09-12,6.21,6.21,5.95,6.0
584,2022-09-09,6.08,6.58,5.79,6.17
583,2022-09-08,6.13,6.53,6.13,6.52
582,2022-09-07,5.91,6.4,5.91,6.16
581,2022-09-06,6.45,6.45,5.98,6.03
580,2022-09-02,6.83,7.07,6.33,6.43
579,2022-09-01,6.82,6.87,6.39,6.78
578,2022-08-31,6.7,6.99,6.7,6.82
577,2022-08-30,7.1,7.16,6.74,6.75
576,2022-08-29,7.01,7.24,6.85,7.09
575,2022-08-26,7.32,7.49,7.0,7.13
574,2022-08-25,7.72,7.78,7.11,7.33
573,2022-08-24,7.85,7.985,7.6,7.63
572,2022-08-23,7.48,7.88,7.26,7.74
571,2022-08-22,8.19,8.19,7.11,7.46
570,2022-08-19,8.58,8.64,8.2,8.42
569,2022-08-18,8.72,8.91,8.34,8.78
568,2022-08-17,8.8,9.41,8.66,8.86
567,2022-08-16,9.07,9.23,8.6231,9.03
566,2022-08-15,10.33,10.82,9.075,9.28
565,2022-08-12,8.2,10.3,8.2,10.3
564,2022-08-11,8.2,8.39,7.99,8.12
563,2022-08-10,8.13,8.225,7.7,8.07
562,2022-08-09,7.87,8.08,7.64,7.97
561,2022-08-08,8.42,8.42,7.96,8.05
560,2022-08-05,7.72,8.32,7.67,8.3
559,2022-08-04,7.31,7.95,7.31,7.86
558,2022-08-03,7.34,7.525,7.19,7.33
557,2022-08-02,7.0,7.38,7.0,7.19
556,2022-08-01,7.41,7.47,7.03,7.06
555,2022-07-29,7.6,7.76,7.4,7.41
554,2022-07-28,7.78,7.92,7.31,7.67
553,2022-07-27,7.46,7.63,7.08,7.57
552,2022-07-26,7.12,7.38,6.92,7.29
551,2022-07-25,7.37,7.37,6.95,7.2
550,2022-07-22,7.6,7.685,7.35,7.36
549,2022-07-21,7.61,7.789,7.43,7.56
548,2022-07-20,7.57,7.8,7.47,7.61
547,2022-07-19,7.9,7.93,7.47,7.59
546,2022-07-18,8.18,8.586,7.76,7.77
545,2022-07-15,8.57,8.57,8.07,8.1
544,2022-07-14,8.82,8.84,8.33,8.41
543,2022-07-13,8.89,9.25,8.74,8.94
542,2022-07-12,9.4,9.46,8.805,9.11
541,2022-07-11,10.33,10.33,9.41,9.41
540,2022-07-08,9.15,10.88,9.11,10.31
539,2022-07-07,8.97,9.34,8.93,9.16
538,2022-07-06,8.83,9.4,8.75,8.94
537,2022-07-05,8.39,8.96,8.38,8.85
536,2022-07-01,7.97,8.8276,7.97,8.54
535,2022-06-30,7.7,7.95,7.39,7.95
534,2022-06-29,7.62,7.92,7.5,7.79
533,2022-06-28,8.0,8.05,7.49,7.74
532,2022-06-27,7.83,8.05,7.42,8.02
531,2022-06-24,7.02,7.93,7.02,7.89
530,2022-06-23,6.64,6.9,6.56,6.88
529,2022-06-22,6.66,6.96,6.5,6.56
528,2022-06-21,6.51,7.01,6.3,6.78
527,2022-06-17,6.05,6.53,6.05,6.35
526,2022-06-16,5.84,6.025,5.52,5.96
525,2022-06-15,6.09,6.29,6.035,6.05
524,2022-06-14,6.33,6.49,5.9901,6.07
523,2022-06-13,6.47,6.65,6.0022,6.3
522,2022-06-10,6.8,7.01,6.41,6.67
521,2022-06-09,7.24,7.24,6.99,7.0
520,2022-06-08,7.24,7.44,7.06,7.22
519,2022-06-07,6.89,7.32,6.75,7.23
518,2022-06-06,7.27,7.44,6.88,7.02
517,2022-06-03,6.85,7.46,6.77,7.2
516,2022-06-02,6.51,7.02,6.32,6.82
515,2022-06-01,6.86,6.96,6.4,6.55
514,2022-05-31,7.33,7.53,6.65,6.84
513,2022-05-27,7.2,7.51,6.97,7.39
512,2022-05-26,7.12,7.52,7.12,7.26
511,2022-05-25,7.0,7.26,6.79,7.16
510,2022-05-24,7.52,7.52,6.82,7.05
509,2022-05-23,7.2,7.53,7.0,7.51
508,2022-05-20,7.05,7.16,6.61,7.05
507,2022-05-19,6.41,7.01,6.18,7.01
506,2022-05-18,6.61,6.81,6.39,6.45
505,2022-05-17,7.25,7.25,6.57,6.76
504,2022-05-16,7.35,7.63,7.015,7.14
503,2022-05-13,7.08,7.6,6.88,7.39
502,2022-05-12,6.99,7.38,6.7942,6.97
501,2022-05-11,7.79,8.1,6.9,6.93
500,2022-05-10,8.01,8.295,7.61,7.89
499,2022-05-09,10.86,10.98,7.41,7.81
498,2022-05-06,11.3,11.47,10.725,10.95
497,2022-05-05,11.97,12.41,11.01,11.32
496,2022-05-04,11.96,12.48,11.28,12.26
495,2022-05-03,11.72,12.59,11.68,12.0
494,2022-05-02,11.63,12.02,11.45,11.92
493,2022-04-29,11.57,12.145,11.4333,11.77
492,2022-04-28,11.78,12.04,11.1,11.68
491,2022-04-27,11.68,12.55,11.45,11.72
490,2022-04-26,12.69,12.69,11.58,11.63
489,2022-04-25,12.47,12.99,12.34,12.63
488,2022-04-22,12.89,13.35,12.46,12.64
487,2022-04-21,13.16,13.27,12.66,12.7
486,2022-04-20,13.41,13.61,12.95,13.03
485,2022-04-19,13.38,13.69,13.1,13.22
484,2022-04-18,14.0,14.07,13.32,13.47
483,2022-04-14,14.57,14.6412,13.86,14.19
482,2022-04-13,13.93,14.64,13.86,14.52
481,2022-04-12,13.47,14.555,13.4,14.01
480,2022-04-11,13.8,13.8315,12.38,13.15
479,2022-04-08,14.31,14.4,13.73,13.84
478,2022-04-07,14.54,14.54,13.9,14.26
477,2022-04-06,14.5,14.71,14.35,14.47
476,2022-04-05,14.99,15.6225,14.5,14.73
475,2022-04-04,14.84,16.04,14.75,14.99
474,2022-04-01,14.72,15.23,14.53,14.83
473,2022-03-31,14.88,15.22,14.3,14.69
472,2022-03-30,14.49,15.4,14.49,14.78
471,2022-03-29,14.28,15.24,14.08,14.49
470,2022-03-28,13.27,14.4,13.1,14.27
469,2022-03-25,13.51,13.72,13.155,13.31
468,2022-03-24,13.67,13.725,13.38,13.53
467,2022-03-23,13.82,13.97,13.46,13.58
466,2022-03-22,13.28,14.0,13.28,13.98
465,2022-03-21,14.29,14.32,13.24,13.28
464,2022-03-18,14.62,15.27,14.14,14.25
463,2022-03-17,13.75,15.285,13.75,14.63
462,2022-03-16,13.81,14.29,13.52,13.9
461,2022-03-15,13.48,13.82,13.48,13.62
460,2022-03-14,14.02,14.06,13.395,13.54
459,2022-03-11,14.26,14.53,13.91,14.02
458,2022-03-10,14.47,15.02,14.23,14.29
457,2022-03-09,14.13,15.0,14.13,14.7
456,2022-03-08,14.09,14.37,13.59,13.92
455,2022-03-07,14.04,14.8,13.1,14.0
454,2022-03-04,15.0,15.24,13.91,14.08
453,2022-03-03,17.0,17.0,14.5,14.77
452,2022-03-02,16.44,16.515,16.0,16.22
451,2022-03-01,16.82,16.9,16.43,16.56
450,2022-02-28,16.72,17.28,16.5,16.7
449,2022-02-25,16.49,17.03,16.06,16.93
448,2022-02-24,15.17,16.51,14.965,16.42
447,2022-02-23,15.62,15.81,15.23,15.57
446,2022-02-22,15.11,15.73,14.905,15.5
445,2022-02-18,15.18,15.51,14.32,15.2
444,2022-02-17,15.16,15.8,15.03,15.36
443,2022-02-16,15.56,15.825,15.05,15.35
442,2022-02-15,14.97,15.61,14.95,15.57
441,2022-02-14,15.34,15.66,14.77,14.97
440,2022-02-11,16.22,16.35,15.06,15.29
439,2022-02-10,16.99,17.89,16.1,16.26
438,2022-02-09,16.44,17.395,16.41,17.39
437,2022-02-08,16.59,16.59,15.55,16.36
436,2022-02-07,16.0,16.62,15.88,16.38
435,2022-02-04,15.86,16.235,15.49,16.13
434,2022-02-03,15.57,16.13,15.4112,15.75
433,2022-02-02,16.63,16.63,15.41,15.87
432,2022-02-01,15.88,16.87,15.57,16.65
431,2022-01-31,14.99,16.16,14.99,15.89
430,2022-01-28,14.7,15.2,14.39,14.95
429,2022-01-27,15.8,16.1,14.65,14.67
428,2022-01-26,16.12,16.825,15.65,15.74
427,2022-01-25,15.44,16.69,15.35,16.11
426,2022-01-24,15.25,15.55,13.34,15.45
425,2022-01-21,15.66,16.035,15.31,15.67
424,2022-01-20,17.29,17.47,15.69,15.69
423,2022-01-19,17.17,17.43,16.42,16.78
422,2022-01-18,16.93,17.38,16.55,16.94
421,2022-01-14,18.96,19.14,16.35,17.22
420,2022-01-13,18.92,19.95,18.76,18.99
419,2022-01-12,20.01,20.15,18.75,18.88
418,2022-01-11,19.745,20.67,19.5488,19.99
417,2022-01-10,19.44,19.89,18.67,19.88
416,2022-01-07,20.04,20.4,19.65,19.8
415,2022-01-06,19.37,20.13,19.06,19.99
414,2022-01-05,20.04,20.37,19.3,19.59
413,2022-01-04,19.84,20.17,18.61,20.03
412,2022-01-03,20.22,20.29,19.2,19.69
411,2021-12-31,20.66,21.27,20.155,20.2
410,2021-12-30,20.23,21.59,20.05,20.82
409,2021-12-29,20.14,20.7,19.51,20.45
408,2021-12-28,20.4,21.195,20.25,20.31
407,2021-12-27,21.03,21.205,20.47,20.67
406,2021-12-23,20.75,22.52,20.75,21.26
405,2021-12-22,19.87,21.415,19.53,20.76
404,2021-12-21,21.01,21.23,19.64,20.35
403,2021-12-20,19.58,21.325,19.0,21.02
402,2021-12-17,19.01,20.205,18.7,19.9
401,2021-12-16,20.1,20.53,18.86,19.29
400,2021-12-15,19.2,19.96,18.33,19.94
399,2021-12-14,19.84,20.27,19.02,19.38
398,2021-12-13,20.1,20.43,18.86,20.26
397,2021-12-10,20.5,20.99,20.03,20.36
396,2021-12-09,21.31,21.35,20.27,20.4
395,2021-12-08,21.64,21.64,20.67,21.25
394,2021-12-07,20.17,21.6899,20.17,21.33
393,2021-12-06,21.4,21.46,19.97,20.06
392,2021-12-03,22.57,23.2832,21.3,21.46
391,2021-12-02,21.75,22.5,21.34,22.42
390,2021-12-01,22.62,22.81,21.53,21.85
389,2021-11-30,21.51,22.46,21.4,22.26
388,2021-11-29,22.33,22.4761,21.41,21.77
387,2021-11-26,22.64,22.64,21.87,22.2
386,2021-11-24,21.89,22.74,21.605,22.64
385,2021-11-23,21.9,22.3,21.35,22.14
384,2021-11-22,22.83,22.98,21.26,21.96
383,2021-11-19,24.46,24.82,22.6066,22.84
382,2021-11-18,25.12,25.42,23.94,24.55
381,2021-11-17,25.63,25.78,24.0,25.0
380,2021-11-16,26.27,26.52,25.29,25.9
379,2021-11-15,26.23,26.69,25.9001,26.28
378,2021-11-12,27.71,27.71,25.93,26.46
377,2021-11-11,28.47,28.79,27.575,27.88
376,2021-11-10,29.06,29.27,28.36,28.57
375,2021-11-09,29.73,29.74,28.91,29.04
374,2021-11-08,29.48,29.5,28.72,29.0
373,2021-11-05,29.08,29.71,28.99,29.43
372,2021-11-04,30.1,30.46,29.27,29.52
371,2021-11-03,29.21,30.595,29.21,30.15
370,2021-11-02,32.0,32.0,26.17,29.18
369,2021-11-01,29.0,31.59,28.6,31.51
368,2021-10-29,28.8,29.09,27.87,28.99
367,2021-10-28,28.0,28.82,27.3655,28.73
366,2021-10-27,27.12,28.0,26.4,28.0
365,2021-10-26,27.01,27.35,26.645,27.19
364,2021-10-25,26.02,26.96,25.845,26.96
363,2021-10-22,26.42,26.475,25.85,26.12
362,2021-10-21,25.49,26.4898,25.47,26.42
361,2021-10-20,25.81,25.81,25.16,25.46
360,2021-10-19,25.24,26.13,25.065,25.59
359,2021-10-18,25.07,25.705,24.91,25.4
358,2021-10-15,25.81,25.83,25.02,25.47
357,2021-10-14,25.19,25.9,24.96,25.68
356,2021-10-13,25.28,25.54,24.855,25.03
355,2021-10-12,24.28,25.38,24.19,25.23
354,2021-10-11,23.41,24.92,23.38,24.44
353,2021-10-08,23.39,23.81,22.78,23.57
352,2021-10-07,23.88,24.31,23.26,23.32
351,2021-10-06,24.43,25.0,23.63,23.81
350,2021-10-05,24.91,25.52,24.26,24.46
349,2021-10-04,26.18,26.18,24.84,24.98
348,2021-10-01,27.0,27.0,25.37,26.4
347,2021-09-30,26.66,27.36,26.52,27.16
346,2021-09-29,28.24,28.31,26.81,26.84
345,2021-09-28,29.28,29.28,27.96,28.01
344,2021-09-27,28.45,30.0,28.3,29.69
343,2021-09-24,28.71,28.8799,27.91,28.29
342,2021-09-23,29.6,29.6,28.02,29.0
341,2021-09-22,27.88,29.595,27.88,29.33
340,2021-09-21,28.36,29.28,27.77,28.14
339,2021-09-20,28.29,29.06,27.66,28.25
338,2021-09-17,27.68,29.08,27.53,28.86
337,2021-09-16,26.53,27.84,26.2501,27.76
336,2021-09-15,26.42,27.265,26.4,26.56
335,2021-09-14,26.95,27.72,26.21,26.4
334,2021-09-13,26.71,27.53,26.14,27.03
333,2021-09-10,27.13,27.8399,26.59,26.77
332,2021-09-09,27.06,27.94,26.985,27.14
331,2021-09-08,26.65,27.98,26.26,26.99
330,2021-09-07,28.07,28.395,26.59,26.98
329,2021-09-03,29.25,29.25,27.335,27.95
328,2021-09-02,29.35,30.16,28.9738,30.0
327,2021-09-01,29.17,29.5,27.97,29.32
326,2021-08-31,28.9,29.92,28.5132,29.17
325,2021-08-30,29.7,30.15,28.41,28.82
324,2021-08-27,28.58,30.11,28.37,29.49
323,2021-08-26,26.17,28.72,26.17,28.5
322,2021-08-25,25.25,26.3,24.85,25.86
321,2021-08-24,25.74,25.93,25.0,25.32
320,2021-08-23,25.42,26.25,25.12,25.57
319,2021-08-20,24.78,25.73,24.57,25.25
318,2021-08-19,26.61,26.61,25.0,25.0
317,2021-08-18,27.1,27.6199,26.56,26.8
316,2021-08-17,26.15,27.26,25.8201,27.23
315,2021-08-16,26.43,26.43,26.02,26.11
314,2021-08-13,26.36,27.28,26.28,26.78
313,2021-08-12,26.95,26.95,26.36,26.5
312,2021-08-11,27.06,27.44,26.6,27.01
311,2021-08-10,27.34,27.98,26.26,27.18
310,2021-08-09,26.55,28.23,26.33,27.27
309,2021-08-06,24.07,25.835,24.07,25.78
308,2021-08-05,24.33,25.52,23.99,24.44
307,2021-08-04,22.1,24.23,22.1,23.81
306,2021-08-03,21.34,22.88,20.58,22.55
305,2021-08-02,21.0,21.29,20.49,20.71
304,2021-07-30,20.97,21.36,20.85,21.04
303,2021-07-29,21.41,21.97,20.86,21.19
302,2021-07-28,20.5,21.54,20.48,21.27
301,2021-07-27,21.03,21.24,20.15,20.45
300,2021-07-26,21.66,22.24,20.56,21.04
299,2021-07-23,21.91,22.16,20.83,21.55
298,2021-07-22,22.55,22.62,21.9,22.04
297,2021-07-21,22.5,22.9899,22.0271,22.51
296,2021-07-20,22.15,22.66,21.5,22.55
295,2021-07-19,22.34,23.28,21.925,22.24
294,2021-07-16,22.71,23.68,22.56,22.75
293,2021-07-15,22.75,23.315,22.4,22.72
292,2021-07-14,23.29,23.59,22.8,22.92
291,2021-07-13,23.92,24.06,23.28,23.3
290,2021-07-12,24.36,24.9,23.71,24.1
289,2021-07-09,24.3,24.88,24.0798,24.46
288,2021-07-08,23.24,24.37,22.81,24.16
287,2021-07-07,24.29,24.39,23.345,23.84
286,2021-07-06,24.47,24.5,23.75,24.37
285,2021-07-02,24.73,24.97,23.71,24.18
284,2021-07-01,24.24,24.81,24.156,24.69
283,2021-06-30,24.2,24.97,23.54,24.35
282,2021-06-29,24.45,24.87,23.95,24.2
281,2021-06-28,25.35,25.563,24.26,24.56
280,2021-06-25,25.01,25.19,24.27,25.08
279,2021-06-24,24.88,25.61,24.54,24.8
278,2021-06-23,24.96,25.01,23.95,24.77
277,2021-06-22,25.35,25.76,24.591,24.95
276,2021-06-21,23.51,25.34,23.3,25.34
275,2021-06-18,24.0,24.0299,22.92,23.25
274,2021-06-17,23.01,23.44,22.7601,23.0
273,2021-06-16,23.19,23.48,22.65,23.01
272,2021-06-15,24.25,24.33,22.72,23.06
271,2021-06-14,22.27,23.42,22.1,23.18
270,2021-06-11,22.18,22.665,21.83,22.21
269,2021-06-10,21.93,22.48,21.81,22.22
268,2021-06-09,21.59,22.4697,21.36,21.64
267,2021-06-08,22.0,22.26,21.12,21.75
266,2021-06-07,21.82,22.9,21.72,21.77
265,2021-06-04,22.25,22.7,21.315,22.0
264,2021-06-03,22.5,23.22,21.88,22.22
263,2021-06-02,21.67,22.78,21.65,22.54
262,2021-06-01,21.65,22.53,21.65,22.16
261,2021-05-28,22.66,22.93,21.61,21.65
260,2021-05-27,21.38,22.32,21.12,22.25
259,2021-05-26,20.71,21.75,20.5,21.35
258,2021-05-25,21.11,21.29,20.26,20.71
257,2021-05-24,20.58,21.36,20.39,20.9
256,2021-05-21,21.0,21.1,20.075,20.94
255,2021-05-20,20.58,21.38,20.2,20.48
254,2021-05-19,20.6,21.04,20.01,20.38
253,2021-05-18,21.39,21.95,20.76,21.04
252,2021-05-17,21.24,21.9499,20.85,21.42
251,2021-05-14,21.29,22.2981,20.76,21.23
250,2021-05-13,21.59,21.98,20.21,20.89
249,2021-05-12,21.16,22.41,21.0,21.69
248,2021-05-11,21.59,21.94,20.5401,21.6
247,2021-05-10,23.33,23.35,22.0,22.48
246,2021-05-07,22.62,23.86,22.61,23.59
245,2021-05-06,22.76,22.99,21.59,22.61
244,2021-05-05,22.4,22.58,21.97,22.0
243,2021-05-04,23.59,23.59,21.5,22.55
242,2021-05-03,25.32,25.54,23.05,23.87
241,2021-04-30,24.99,25.69,24.08,24.54
240,2021-04-29,26.45,26.6959,24.68,25.4
239,2021-04-28,26.62,27.12,25.94,26.29
238,2021-04-27,26.14,26.97,25.7,26.7
237,2021-04-26,24.44,26.5467,24.0,25.67
236,2021-04-23,24.85,27.0,22.49,23.25
235,2021-04-22,24.0,24.645,23.81,24.4
234,2021-04-21,22.67,23.895,22.65,23.88
233,2021-04-20,21.98,23.11,21.16,22.97
232,2021-04-19,23.19,23.55,21.74,21.9
231,2021-04-16,23.63,23.88,22.775,23.29
230,2021-04-15,24.38,24.845,23.29,23.61
229,2021-04-14,23.0,25.25,22.81,24.34
228,2021-04-13,22.75,23.65,21.76,22.73
227,2021-04-12,23.75,23.89,22.61,22.76
226,2021-04-09,25.77,25.77,23.57,23.99
225,2021-04-08,25.16,26.81,25.16,25.82
224,2021-04-07,26.67,27.93,25.03,25.29
223,2021-04-06,26.82,28.34,26.4525,26.95
222,2021-04-05,25.62,27.28,25.3,27.04
221,2021-04-01,26.51,26.66,24.36,25.52
220,2021-03-31,23.81,25.72,23.77,24.41
219,2021-03-30,24.92,25.28,22.33,24.25
218,2021-03-29,25.55,26.01,23.345,24.83
217,2021-03-26,26.32,26.96,24.65,25.11
216,2021-03-25,24.9,26.95,24.75,26.41
215,2021-03-24,27.88,28.13,22.54,25.02
214,2021-03-23,29.13,29.49,26.88,27.87
213,2021-03-22,28.74,29.74,27.95,28.7
212,2021-03-19,30.63,30.75,27.83,28.07
211,2021-03-18,30.0,30.5,27.75,29.18
210,2021-03-17,31.29,31.81,28.77,29.4
209,2021-03-16,25.1,31.8199,24.38,29.25
208,2021-03-15,25.3,25.94,24.555,25.01
207,2021-03-12,25.0,25.45,24.25,25.28
206,2021-03-11,25.48,25.96,24.62,25.19
205,2021-03-10,25.8,26.7198,24.27,24.85
204,2021-03-09,23.96,26.85,23.935,25.81
203,2021-03-08,23.18,24.2994,22.32,23.46
202,2021-03-05,24.5,24.73,21.51,22.75
201,2021-03-04,25.46,26.01,23.75,23.76
200,2021-03-03,27.08,27.14,25.11,25.42
199,2021-03-02,27.64,27.76,26.67,27.08
198,2021-03-01,27.16,27.85,26.83,27.32
197,2021-02-26,28.73,28.92,26.11,26.59
196,2021-02-25,28.81,30.21,27.8,28.48
195,2021-02-24,29.49,30.42,28.59,28.59
194,2021-02-23,30.51,30.51,28.46,29.29
193,2021-02-22,30.9,31.19,30.48,30.67
192,2021-02-19,30.78,31.91,30.575,30.94
191,2021-02-18,31.5,31.56,30.75,31.0
190,2021-02-17,31.0,31.8923,30.65,31.57
189,2021-02-16,31.14,31.77,30.63,31.43
188,2021-02-12,30.25,31.2,29.46,30.47
187,2021-02-11,30.2,31.1,30.01,30.55
186,2021-02-10,30.73,30.94,28.53,30.28
185,2021-02-09,30.77,30.8751,29.5,30.32
184,2021-02-08,30.36,31.54,29.925,30.66
183,2021-02-05,29.68,30.535,29.25,30.3
182,2021-02-04,28.21,29.47,27.085,29.12
181,2021-02-03,28.64,28.64,26.67,27.5
180,2021-02-02,28.06,28.845,27.7999,28.26
179,2021-02-01,29.01,29.3803,27.2,27.53
178,2021-01-29,29.78,31.28,28.51,28.57
177,2021-01-28,32.61,32.92,29.3,30.1
176,2021-01-27,33.86,34.1,32.17,32.49
175,2021-01-26,34.46,34.4797,33.7,33.84
174,2021-01-25,33.31,34.406,33.31,34.05
173,2021-01-22,31.56,33.4,31.28,33.36
172,2021-01-21,31.24,32.2,30.5,31.75
171,2021-01-20,32.54,32.73,30.63,31.6
170,2021-01-19,32.54,33.76,31.54,32.1
169,2021-01-15,33.26,34.45,32.13,32.54
168,2021-01-14,31.96,33.44,31.96,33.0
167,2021-01-13,31.46,32.0,30.5212,31.78
166,2021-01-12,32.49,32.5,30.77,31.09
165,2021-01-11,32.54,32.92,31.085,32.1
164,2021-01-08,32.24,33.81,31.3,32.68
163,2021-01-07,31.1,32.0,30.63,31.6
162,2021-01-06,29.84,31.665,29.11,30.36
161,2021-01-05,32.09,32.25,29.79,29.86
160,2021-01-04,32.45,32.6155,31.66,32.22
159,2020-12-31,32.35,33.17,31.8,32.01
158,2020-12-30,32.54,33.6799,31.865,31.96
157,2020-12-29,35.42,35.42,32.19,32.56
156,2020-12-28,37.0,37.82,34.2785,35.31
155,2020-12-24,36.5,37.75,36.04,36.99
154,2020-12-23,36.5,36.95,35.605,36.5
153,2020-12-22,33.51,36.24,33.21,36.0
152,2020-12-21,33.02,34.07,33.0,33.7
151,2020-12-18,33.11,34.24,32.53,33.51
150,2020-12-17,31.75,34.49,31.65,32.82
149,2020-12-16,32.32,32.8311,30.21,31.48
148,2020-12-15,34.32,34.98,31.33,32.08
147,2020-12-14,34.25,35.14,33.505,34.24
146,2020-12-11,33.99,34.96,33.07,34.4
145,2020-12-10,34.54,35.57,33.87,33.87
144,2020-12-09,35.28,36.2,33.74,34.34
143,2020-12-08,34.6,36.16,34.2,35.63
142,2020-12-07,33.33,35.21,32.85,34.67
141,2020-12-04,35.43,36.37,34.31,35.85
140,2020-12-03,37.97,37.97,35.18,35.61
139,2020-12-02,38.05,38.05,36.38,37.97
138,2020-12-01,37.33,38.34,36.0655,38.02
137,2020-11-30,34.89,37.4799,33.735,37.31
136,2020-11-27,35.93,36.05,33.835,34.5
135,2020-11-25,35.29,36.14,34.89,35.69
134,2020-11-24,36.06,36.415,34.785,35.74
133,2020-11-23,36.25,37.6599,35.4,36.17
132,2020-11-20,33.92,36.01,33.66,35.85
131,2020-11-19,33.13,33.97,32.99,33.72
130,2020-11-18,34.23,34.71,33.42,33.5
129,2020-11-17,33.86,34.87,33.565,34.19
128,2020-11-16,34.39,34.98,33.57,34.16
127,2020-11-13,34.37,34.74,33.4115,33.7
126,2020-11-12,34.67,35.08,33.2,33.96
125,2020-11-11,33.14,35.7,32.72,34.67
124,2020-11-10,33.76,33.76,32.11,32.67
123,2020-11-09,33.14,35.545,32.4312,33.25
122,2020-11-06,31.77,32.8844,31.27,32.5
121,2020-11-05,31.19,32.81,30.1381,32.14
120,2020-11-04,28.99,31.885,28.99,30.87
119,2020-11-03,28.69,29.7,28.38,29.26
118,2020-11-02,28.59,29.37,28.06,29.01
117,2020-10-30,28.97,29.48,28.2304,28.69
116,2020-10-29,29.17,29.58,28.12,29.0
115,2020-10-28,26.81,29.049,26.13,28.82
114,2020-10-27,26.54,27.66,26.13,27.09
113,2020-10-26,27.21,28.01,26.01,26.72
112,2020-10-23,27.91,27.91,26.56,27.51
111,2020-10-22,26.32,27.85,25.45,27.7
110,2020-10-21,28.1,28.1338,25.105,25.26
109,2020-10-20,28.93,29.34,27.95,28.04
108,2020-10-19,27.95,29.68,26.58,28.65
107,2020-10-16,27.47,28.48,27.06,27.73
106,2020-10-15,30.71,30.815,26.83,27.26
105,2020-10-14,33.09,33.8999,30.77,30.81
104,2020-10-13,34.16,35.16,33.07,33.09
103,2020-10-12,33.86,35.325,33.0302,34.43
102,2020-10-09,35.97,36.45,33.6,33.84
101,2020-10-08,33.01,36.33,32.38,35.64
100,2020-10-07,33.49,33.79,32.11,33.36
99,2020-10-06,33.73,35.37,32.59,33.51
98,2020-10-05,32.2,33.73,32.2,33.34
97,2020-10-02,31.82,32.62,31.24,32.25
96,2020-10-01,33.06,33.5,31.94,32.15
95,2020-09-30,33.11,33.49,32.0,32.99
94,2020-09-29,33.0,33.52,32.28,32.87
93,2020-09-28,33.87,34.2973,32.3144,33.0
92,2020-09-25,34.0,34.57,33.1622,33.58
91,2020-09-24,34.26,34.35,32.52,33.5
90,2020-09-23,36.93,36.93,31.7,34.16
89,2020-09-22,44.5,44.5,35.56,35.91
88,2020-09-21,44.27,46.2,41.935,45.25
87,2020-09-18,44.85,46.19,43.66,45.5
86,2020-09-17,42.7,45.05,40.62,45.04
85,2020-09-16,40.37,42.68,40.1,42.49
84,2020-09-15,40.84,41.605,38.75,40.71
83,2020-09-14,42.53,43.93,40.09,40.93
82,2020-09-11,38.3,39.45,36.75,38.68
81,2020-09-10,38.27,39.0,36.11,38.08
80,2020-09-09,36.09,38.12,35.0,38.0
79,2020-09-08,36.09,36.63,34.6,36.09
78,2020-09-04,39.13,40.79,36.58,36.94
77,2020-09-03,39.95,40.82,37.88,40.04
76,2020-09-02,41.49,41.49,39.81,39.84
75,2020-09-01,44.02,44.32,39.22,41.19
74,2020-08-31,45.85,46.42,43.805,44.17
73,2020-08-28,43.5,46.61,43.5,45.85
72,2020-08-27,43.62,45.089,42.08,43.96
71,2020-08-26,46.08,46.49,42.51,44.07
70,2020-08-25,44.1,47.0,44.0,45.73
69,2020-08-24,42.93,44.49,41.5,44.11
68,2020-08-21,39.65,42.68,39.65,42.52
67,2020-08-20,39.71,41.4,39.24,40.24
66,2020-08-19,38.57,40.36,38.57,39.7
65,2020-08-18,37.95,40.48,36.75,39.0
64,2020-08-17,39.87,41.05,38.07,38.62
63,2020-08-14,41.32,43.0,39.0,39.53
62,2020-08-13,42.9,43.12,41.38,42.3
61,2020-08-12,42.59,43.86,42.59,43.0
60,2020-08-11,49.16,49.97,43.02,43.25
59,2020-08-10,47.48,50.01,47.19,49.78
58,2020-08-07,46.26,48.375,46.26,48.13
57,2020-08-06,51.03,52.85,45.5,46.74
56,2020-08-05,48.58,53.35,47.915,51.03
55,2020-08-04,47.14,48.96,46.51,48.96
54,2020-08-03,46.2,49.09,46.2,46.83
53,2020-07-31,48.5,48.52,44.25,46.5
52,2020-07-30,47.23,49.14,47.0,48.21
51,2020-07-29,48.6,49.525,47.15,48.33
50,2020-07-28,48.79,50.28,48.02,48.6
49,2020-07-27,48.61,50.06,47.7,48.69
48,2020-07-24,46.93,49.8594,46.4739,48.65
47,2020-07-23,45.57,50.39,45.42,48.82
46,2020-07-22,48.01,49.71,45.6,47.0
45,2020-07-21,48.36,49.57,48.12,48.37
44,2020-07-20,47.9,49.85,46.86,48.69
43,2020-07-17,48.01,50.34,46.75,49.0
42,2020-07-16,45.61,48.0,43.96,47.49
41,2020-07-15,43.52,45.59,42.185,45.13
40,2020-07-14,42.99,43.63,40.0,42.37
39,2020-07-13,43.26,44.97,42.35,43.31
38,2020-07-10,44.0,45.98,43.098,43.4
37,2020-07-09,45.0,45.0,41.216,44.32
36,2020-07-08,47.51,48.456,43.32,44.62
35,2020-07-07,47.88,49.0,46.84,47.51
34,2020-07-06,52.22,53.61,48.17,48.93
33,2020-07-02,49.95,56.59,48.96,51.05
32,2020-07-01,47.47,50.0,46.9,48.77
31,2020-06-30,46.5,47.09,44.72,46.81
30,2020-06-29,43.78,45.94,42.7869,45.94
29,2020-06-26,43.0,43.41,42.035,43.15
28,2020-06-25,42.31,42.98,40.02,42.71
27,2020-06-24,42.53,43.46,41.27,42.96
26,2020-06-23,42.5,45.84,41.98,43.23
25,2020-06-22,41.68,42.25,40.81,42.09
24,2020-06-19,40.9,41.78,39.655,41.5
23,2020-06-18,38.54,41.193,38.54,40.3
22,2020-06-17,38.96,40.0,38.0,39.1
21,2020-06-16,39.29,40.885,38.57,39.64
20,2020-06-15,39.86,40.3,39.27,39.67
19,2020-06-12,39.36,40.709,38.52,40.32
18,2020-06-11,37.89,40.25,36.5,38.59
17,2020-06-10,36.66,37.61,36.66,37.56
16,2020-06-09,35.75,37.43,35.6,36.65
15,2020-06-08,35.49,36.526,34.54,35.25
14,2020-06-05,35.0,35.4,34.17,34.95
13,2020-06-04,35.07,36.0,30.1,34.99
12,2020-06-03,37.26,37.26,35.5,35.85
11,2020-06-02,35.73,37.49,35.53,36.82
10,2020-06-01,36.79,37.559,35.39,36.23
9,2020-05-29,37.89,37.89,35.15,36.95
8,2020-05-28,36.0,37.98,35.061,37.95
7,2020-05-27,36.76,37.43,35.01,36.14
6,2020-05-26,35.83,37.33,35.39,36.4
5,2020-05-22,34.78,36.28,34.0,35.3
4,2020-05-21,32.79,35.0,32.7,34.33
3,2020-05-20,31.61,34.69,31.25,32.38
2,2020-05-19,30.03,31.88,29.8,31.14
1,2020-05-18,30.0,30.99,29.73,30.0
0,2020-05-15,30.0,30.78,28.5,29.65
